-- phpMyAdmin SQL Dump
-- version 4.6.4
-- https://www.phpmyadmin.net/
--
-- Host: 127.0.0.1
-- Generation Time: Mar 24, 2017 at 10:50 PM
-- Server version: 5.7.14
-- PHP Version: 5.6.25

SET SQL_MODE = "NO_AUTO_VALUE_ON_ZERO";
SET time_zone = "+00:00";


/*!40101 SET @OLD_CHARACTER_SET_CLIENT=@@CHARACTER_SET_CLIENT */;
/*!40101 SET @OLD_CHARACTER_SET_RESULTS=@@CHARACTER_SET_RESULTS */;
/*!40101 SET @OLD_COLLATION_CONNECTION=@@COLLATION_CONNECTION */;
/*!40101 SET NAMES utf8mb4 */;

--
-- Database: `searchengine`
--

-- --------------------------------------------------------

--
-- Table structure for table `expressions`
--

CREATE TABLE `expressions` (
  `Expression` text NOT NULL,
  `E_ID` bigint(20) NOT NULL
) ENGINE=InnoDB DEFAULT CHARSET=latin1;

--
-- Dumping data for table `expressions`
--

INSERT INTO `expressions` (`Expression`, `E_ID`) VALUES
('such as', 1),
('for his', 2),
('that are', 3),
('terms may', 4),
('more than one hundred others', 5),
('for how to', 6),
('that anyone can', 7),
('with their', 8),
('more than forty', 9),
('that also', 10),
('other than', 11),
('up to', 12),
('many other', 13),
('more than', 14),
('that they had', 15),
('at least forty two', 16),
('below more than', 17),
('than whole', 18),
('to call for', 19),
('has been', 20),
('so he would not be', 21),
('down its', 22),
('here to see which', 23),
('first ever', 24),
('around this', 25),
('no at', 26),
('at any', 27),
('to be', 28),
('yet more', 29),
('for first', 30),
('show every', 31),
('we re', 32),
('to do', 33),
('yet first', 34),
('for these', 35),
('more from', 36),
('with out', 37),
('back to top', 38);

-- --------------------------------------------------------

--
-- Table structure for table `expressionscounts`
--

CREATE TABLE `expressionscounts` (
  `Expression_id` bigint(20) NOT NULL,
  `Doc_id` bigint(20) NOT NULL,
  `importance` int(11) NOT NULL,
  `count` int(11) NOT NULL
) ENGINE=InnoDB DEFAULT CHARSET=latin1;

--
-- Dumping data for table `expressionscounts`
--

INSERT INTO `expressionscounts` (`Expression_id`, `Doc_id`, `importance`, `count`) VALUES
(1, 1, 1, 1),
(2, 1, 1, 1),
(3, 1, 1, 1),
(4, 1, 1, 1),
(5, 1, 1, 1),
(6, 1, 1, 1),
(7, 1, 1, 1),
(8, 1, 1, 1),
(9, 1, 1, 1),
(10, 1, 1, 1),
(11, 1, 1, 1),
(12, 1, 1, 1),
(12, 10, 1, 2),
(13, 1, 1, 1),
(14, 1, 1, 2),
(15, 1, 1, 1),
(16, 1, 1, 1),
(17, 1, 1, 1),
(18, 1, 1, 1),
(19, 1, 1, 1),
(20, 1, 1, 1),
(21, 1, 1, 1),
(22, 10, 1, 1),
(23, 10, 1, 1),
(24, 10, 1, 1),
(25, 10, 1, 1),
(26, 10, 1, 1),
(27, 10, 1, 1),
(28, 10, 1, 1),
(29, 10, 1, 1),
(30, 10, 1, 1),
(31, 10, 1, 1),
(32, 10, 1, 1),
(33, 10, 1, 1),
(34, 10, 1, 1),
(35, 10, 1, 1),
(36, 10, 1, 1),
(37, 10, 1, 1),
(38, 10, 1, 1);

-- --------------------------------------------------------

--
-- Table structure for table `record`
--

CREATE TABLE `record` (
  `ID` bigint(20) NOT NULL,
  `URL` text NOT NULL,
  `document` longtext NOT NULL,
  `Visted` tinyint(1) NOT NULL,
  `file` tinyint(1) NOT NULL,
  `invalid` tinyint(1) NOT NULL
) ENGINE=InnoDB DEFAULT CHARSET=latin1;

--
-- Dumping data for table `record`
--

INSERT INTO `record` (`ID`, `URL`, `document`, `Visted`, `file`, `invalid`) VALUES
(1, 'http://en.wikipedia.org/wiki/main_page', '', 1, 1, 0),
(2, 'http://answers.yahoo.com', '', 1, 1, 0),
(3, 'http://stackoverflow.com', '', 1, 1, 0),
(4, 'http://w3schools.com', '', 1, 1, 0),
(5, 'http://www.imdb.com', '', 1, 1, 0),
(6, 'http://www.wikihow.com', '', 1, 1, 0),
(7, 'http://opensource.org', '', 1, 1, 0),
(8, 'http://www.pinterest.com', '', 1, 1, 0),
(9, 'http://marketwatch.com', '', 1, 1, 0),
(10, 'http://www.carmagazine.co.uk', '', 1, 1, 0),
(11, 'http://www.bbc.com', '', 1, 0, 1),
(12, 'http://www.ebay.co.uk', '', 1, 0, 1),
(13, 'http://www.nytimes.com', '', 1, 0, 1),
(14, 'http://www.amazon.com', '', 1, 0, 1),
(15, 'http://unicef.org', '', 1, 0, 1),
(16, 'http://www.mti.edu.eg', '', 1, 0, 1),
(17, 'http://w3.org', '', 1, 0, 1),
(18, 'http://nature.com/index.html', '', 1, 0, 1),
(19, 'http://ibm.com/us-en', '', 1, 0, 1),
(20, 'http://www.microsoft.com', '', 1, 0, 1),
(21, 'http://dailytekk.com', '', 1, 0, 1),
(22, 'http://pubads.g.doubleclick.net/gampad/jump?&=4215/imdb2.consumer.homepage/&c=720246904502&sz=728x90|1008x150|1008x200|1008x30|970x250|9x1&t=p%3dtop%26p%3dt%26c%3d0%26pi%3dhomepage&tile=0', '', 1, 1, 1),
(23, 'http://www.imdb.com?ref_=nv_home', '', 1, 1, 1),
(24, 'http://stackoverflow.com/questions', '', 1, 1, 1),
(25, 'http://en.wikipedia.org/w/index.php?redirect=no&title=main_page', '', 1, 1, 1),
(26, 'http://stackoverflow.com/jobs?med=site-ui&ref=jobs-tab', '', 1, 1, 1),
(27, 'http://www.imdb.com/search', '', 1, 1, 1),
(28, 'http://en.wikipedia.org/wiki/wikipedia', '', 1, 1, 1),
(29, 'http://en.wikipedia.org/wiki/free_content', '', 1, 1, 1),
(30, 'http://en.wikipedia.org/wiki/encyclopedia', '', 1, 1, 1),
(31, 'http://www.imdb.com/movies-in-theaters?ref_=nv_tp_inth_1', '', 1, 1, 1),
(32, 'http://stackoverflow.com/documentation', '', 1, 1, 1),
(33, 'http://www.imdb.com/chart/toptv?ref_=nv_tp_tv250_2', '', 1, 1, 1),
(34, 'http://en.wikipedia.org/wiki/wikipedia:introduction', '', 1, 1, 1);

-- --------------------------------------------------------

--
-- Table structure for table `restrictedurls`
--

CREATE TABLE `restrictedurls` (
  `ulr` text NOT NULL,
  `id` bigint(20) NOT NULL
) ENGINE=InnoDB DEFAULT CHARSET=latin1;

-- --------------------------------------------------------

--
-- Table structure for table `word`
--

CREATE TABLE `word` (
  `word` text NOT NULL,
  `Wid` bigint(20) NOT NULL,
  `Stemming` bigint(20) DEFAULT NULL
) ENGINE=InnoDB DEFAULT CHARSET=latin1;

--
-- Dumping data for table `word`
--

INSERT INTO `word` (`word`, `Wid`, `Stemming`) VALUES
('collection', 1, NULL),
('crown', 2, NULL),
('charity', 3, NULL),
('communication', 4, NULL),
('london', 5, NULL),
('index', 6, NULL),
('additional', 7, NULL),
('portugu', 8, NULL),
('source', 9, NULL),
('navigation', 10, NULL),
('es', 11, NULL),
('talk', 12, NULL),
('biography', 13, NULL),
('community', 14, NULL),
('news', 15, NULL),
('panaeolus', 16, NULL),
('volunteers', 17, NULL),
('w', 18, NULL),
('borowski', 19, NULL),
('cricket', 20, NULL),
('quotations', 21, NULL),
('requirements', 22, NULL),
('personnel', 23, NULL),
('muslims', 24, NULL),
('black', 25, NULL),
('oblivion', 26, NULL),
('regarded', 27, NULL),
('seized', 28, NULL),
('dynasty', 29, NULL),
('sculptures', 30, NULL),
('noether', 31, NULL),
('current', 32, NULL),
('airstrike', 33, NULL),
('recent', 34, NULL),
('book', 35, NULL),
('wine', 36, NULL),
('claiming', 37, NULL),
('thesaurus', 38, NULL),
('relaxed', 39, NULL),
('help', 40, NULL),
('blair', 41, NULL),
('pictures', 42, NULL),
('development', 43, NULL),
('artist', 44, NULL),
('ly', 45, NULL),
('meditation', 46, NULL),
('sharia', 47, NULL),
('day', 48, NULL),
('issues', 49, NULL),
('radiation', 50, NULL),
('tools', 51, NULL),
('maitreya', 52, NULL),
('project', 53, NULL),
('articles', 54, NULL),
('westminster', 55, NULL),
('announced', 56, NULL),
('indian', 57, NULL),
('pump', 58, NULL),
('history', 59, NULL),
('african', 60, NULL),
('librarians', 61, NULL),
('covering', 62, NULL),
('wikimedia', 63, NULL),
('written', 64, NULL),
('farah', 65, NULL),
('magyar', 66, NULL),
('committee', 67, NULL),
('subjects', 68, NULL),
('fifth', 69, NULL),
('encyclopedia', 70, NULL),
('polish', 71, NULL),
('espa', 72, NULL),
('esperanto', 73, NULL),
('sms', 74, NULL),
('british', 75, NULL),
('pages', 76, NULL),
('sharealike', 77, NULL),
('village', 78, NULL),
('available', 79, NULL),
('ah', 80, NULL),
('prime', 81, NULL),
('ghulam', 82, NULL),
('svenska', 83, NULL),
('kaiser', 84, NULL),
('mobile', 85, NULL),
('today', 86, NULL),
('sister', 87, NULL),
('moriscos', 88, NULL),
('kills', 89, NULL),
('nederlands', 90, NULL),
('neal', 91, NULL),
('bahasa', 92, NULL),
('american', 93, NULL),
('century', 94, NULL),
('election', 95, NULL),
('religious', 96, NULL),
('record', 97, NULL),
('performed', 98, NULL),
('blasphemy', 99, NULL),
('coordination', 100, NULL),
('wikivoyage', 101, NULL),
('changes', 102, NULL),
('organization', 103, NULL),
('robert', 104, NULL),
('iranian', 105, NULL),
('expulsion', 106, NULL),
('mosque', 107, NULL),
('resources', 108, NULL),
('treasure', 109, NULL),
('archive', 110, NULL),
('dexter', 111, NULL),
('guide', 112, NULL),
('rose', 113, NULL),
('oran', 114, NULL),
('island', 115, NULL),
('manuals', 116, NULL),
('account', 117, NULL),
('perform', 118, NULL),
('search', 119, NULL),
('founded', 120, NULL),
('hinted', 121, NULL),
('projects', 122, NULL),
('conversion', 123, NULL),
('rder', 124, NULL),
('bronze', 125, NULL),
('designated', 126, NULL),
('guitarist', 127, NULL),
('b', 128, NULL),
('fran', 129, NULL),
('hosted', 130, NULL),
('scrolls', 131, NULL),
('mailey', 132, NULL),
('military', 133, NULL),
('loses', 134, NULL),
('srpskohrvatski', 135, NULL),
('al', 136, NULL),
('rk', 137, NULL),
('wikiquote', 138, NULL),
('consuming', 139, NULL),
('court', 140, NULL),
('lithuanian', 141, NULL),
('board', 142, NULL),
('normally', 143, NULL),
('terrorist', 144, NULL),
('sloven', 145, NULL),
('spain', 146, NULL),
('polski', 147, NULL),
('aleppo', 148, NULL),
('science', 149, NULL),
('version', 150, NULL),
('royal', 151, NULL),
('time', 152, NULL),
('italiano', 153, NULL),
('set', 154, NULL),
('agree', 155, NULL),
('wickets', 156, NULL),
('sets', 157, NULL),
('fusion', 158, NULL),
('wikibooks', 159, NULL),
('d', 160, NULL),
('link', 161, NULL),
('wiktionary', 162, NULL),
('statue', 163, NULL),
('policies', 164, NULL),
('der', 165, NULL),
('beginning', 166, NULL),
('contributions', 167, NULL),
('suomi', 168, NULL),
('dictionary', 169, NULL),
('legal', 170, NULL),
('contents', 171, NULL),
('interaction', 172, NULL),
('mariah', 173, NULL),
('battle', 174, NULL),
('store', 175, NULL),
('php', 176, NULL),
('recently', 177, NULL),
('did', 178, NULL),
('creative', 179, NULL),
('revolt', 180, NULL),
('e', 181, NULL),
('developers', 182, NULL),
('lower', 183, NULL),
('ina', 184, NULL),
('instructions', 185, NULL),
('jum', 186, NULL),
('directory', 187, NULL),
('started', 188, NULL),
('software', 189, NULL),
('calories', 190, NULL),
('purification', 191, NULL),
('profit', 192, NULL),
('forced', 193, NULL),
('random', 194, NULL),
('currency', 195, NULL),
('tina', 196, NULL),
('wikipedias', 197, NULL),
('th', 198, NULL),
('scientific', 199, NULL),
('bowling', 200, NULL),
('historical', 201, NULL),
('islamic', 202, NULL),
('nominally', 203, NULL),
('converted', 204, NULL),
('outwardly', 205, NULL),
('january', 206, NULL),
('iberia', 207, NULL),
('base', 208, NULL),
('rom', 209, NULL),
('fat', 210, NULL),
('opera', 211, NULL),
('mate', 212, NULL),
('abi', 213, NULL),
('main', 214, NULL),
('desk', 215, NULL),
('form', 216, NULL),
('centimetres', 217, NULL),
('currently', 218, NULL),
('technology', 219, NULL),
('henry', 220, NULL),
('related', 221, NULL),
('ti', 222, NULL),
('prayers', 223, NULL),
('conversions', 224, NULL),
('nominate', 225, NULL),
('sainis', 226, NULL),
('carey', 227, NULL),
('activities', 228, NULL),
('venizelos', 229, NULL),
('attribution', 230, NULL),
('org', 231, NULL),
('largest', 232, NULL),
('martin', 233, NULL),
('ibn', 234, NULL),
('colin', 235, NULL),
('semiovatus', 236, NULL),
('mark', 237, NULL),
('discovery', 238, NULL),
('emmy', 239, NULL),
('trademark', 240, NULL),
('based', 241, NULL),
('pakistan', 242, NULL),
('learning', 243, NULL),
('korean', 244, NULL),
('anniversaries', 245, NULL),
('contains', 246, NULL),
('results', 247, NULL),
('choreography', 248, NULL),
('singer', 249, NULL),
('jinah', 250, NULL),
('species', 251, NULL),
('page', 252, NULL),
('english', 253, NULL),
('korea', 254, NULL),
('announcements', 255, NULL),
('media', 256, NULL),
('march', 257, NULL),
('forbidden', 258, NULL),
('areas', 259, NULL),
('unification', 260, NULL),
('bauhaus', 261, NULL),
('foundation', 262, NULL),
('mathematics', 263, NULL),
('local', 264, NULL),
('redirected', 265, NULL),
('qu', 266, NULL),
('content', 267, NULL),
('dansk', 268, NULL),
('governing', 269, NULL),
('issued', 270, NULL),
('euskara', 271, NULL),
('galego', 272, NULL),
('complete', 273, NULL),
('created', 274, NULL),
('read', 275, NULL),
('wins', 276, NULL),
('retrieved', 277, NULL),
('print', 278, NULL),
('iran', 279, NULL),
('qajar', 280, NULL),
('zaragoza', 281, NULL),
('figures', 282, NULL),
('palace', 283, NULL),
('australian', 284, NULL),
('know', 285, NULL),
('download', 286, NULL),
('ask', 287, NULL),
('permanent', 288, NULL),
('ahmad', 289, NULL),
('protein', 290, NULL),
('bokm', 291, NULL),
('maliki', 292, NULL),
('wikiversity', 293, NULL),
('probably', 294, NULL),
('bulletin', 295, NULL),
('iv', 296, NULL),
('mcguinness', 297, NULL),
('dates', 298, NULL),
('amarte', 299, NULL),
('best', 300, NULL),
('measures', 301, NULL),
('range', 302, NULL),
('free', 303, NULL),
('picture', 304, NULL),
('theriso', 305, NULL),
('performing', 306, NULL),
('l', 307, NULL),
('author', 308, NULL),
('hrvatski', 309, NULL),
('questions', 310, NULL),
('wikisource', 311, NULL),
('statement', 312, NULL),
('photograph', 313, NULL),
('twig', 314, NULL),
('india', 315, NULL),
('list', 316, NULL),
('representative', 317, NULL),
('scholar', 318, NULL),
('held', 319, NULL),
('height', 320, NULL),
('official', 321, NULL),
('repository', 322, NULL),
('hoffnung', 323, NULL),
('ng', 324, NULL),
('jump', 325, NULL),
('discredited', 326, NULL),
('languages', 327, NULL),
('united', 328, NULL),
('m', 329, NULL),
('national', 330, NULL),
('deutsch', 331, NULL),
('article', 332, NULL),
('disclaimers', 333, NULL),
('non', 334, NULL),
('printable', 335, NULL),
('resigned', 336, NULL),
('pictured', 337, NULL),
('led', 338, NULL),
('nations', 339, NULL),
('recommendations', 340, NULL),
('cite', 341, NULL),
('srpski', 342, NULL),
('wikidata', 343, NULL),
('castle', 344, NULL),
('menu', 345, NULL),
('meta', 346, NULL),
('releases', 347, NULL),
('title', 348, NULL),
('vi', 349, NULL),
('n', 350, NULL),
('rutte', 351, NULL),
('silvers', 352, NULL),
('born', 353, NULL),
('ahmadiyya', 354, NULL),
('dow', 355, NULL),
('commonwealth', 356, NULL),
('updates', 357, NULL),
('higher', 358, NULL),
('create', 359, NULL),
('minister', 360, NULL),
('rule', 361, NULL),
('injures', 362, NULL),
('opinion', 363, NULL),
('society', 364, NULL),
('rank', 365, NULL),
('play', 366, NULL),
('ais', 367, NULL),
('indonesia', 368, NULL),
('known', 369, NULL),
('lietuvi', 370, NULL),
('wikinews', 371, NULL),
('norsk', 372, NULL),
('textbooks', 373, NULL),
('atomic', 374, NULL),
('eesti', 375, NULL),
('start', 376, NULL),
('colony', 377, NULL),
('export', 378, NULL),
('cookie', 379, NULL),
('mufti', 380, NULL),
('tr', 381, NULL),
('fatwa', 382, NULL),
('pasta', 383, NULL),
('attack', 384, NULL),
('use', 385, NULL),
('special', 386, NULL),
('knowledge', 387, NULL),
('relaxations', 388, NULL),
('north', 389, NULL),
('new', 390, NULL),
('nynorsk', 391, NULL),
('acts', 392, NULL),
('rock', 393, NULL),
('view', 394, NULL),
('file', 395, NULL),
('information', 396, NULL),
('school', 397, NULL),
('wikispecies', 398, NULL),
('buddhist', 399, NULL),
('roll', 400, NULL),
('gilt', 401, NULL),
('allowing', 402, NULL),
('women', 403, NULL),
('waters', 404, NULL),
('wikipedia', 405, NULL),
('variants', 406, NULL),
('enjoyed', 407, NULL),
('navy', 408, NULL),
('press', 409, NULL),
('general', 410, NULL),
('includes', 411, NULL),
('wiki', 412, NULL),
('en', 413, NULL),
('mo', 414, NULL),
('elder', 415, NULL),
('mirza', 416, NULL),
('embassy', 417, NULL),
('materials', 418, NULL),
('cold', 419, NULL),
('berry', 420, NULL),
('welcome', 421, NULL),
('wide', 422, NULL),
('deaths', 423, NULL),
('grosmont', 424, NULL),
('claim', 425, NULL),
('law', 426, NULL),
('serving', 427, NULL),
('featured', 428, NULL),
('seated', 429, NULL),
('movement', 430, NULL),
('reference', 431, NULL),
('rockefeller', 432, NULL),
('commons', 433, NULL),
('library', 434, NULL),
('travel', 435, NULL),
('personal', 436, NULL),
('mosul', 437, NULL),
('log', 438, NULL),
('bosanski', 439, NULL),
('arts', 440, NULL),
('hope', 441, NULL),
('s', 442, NULL),
('coalition', 443, NULL),
('met', 444, NULL),
('namespaces', 445, NULL),
('license', 446, NULL),
('ritual', 447, NULL),
('item', 448, NULL),
('vietnam', 449, NULL),
('dead', 450, NULL),
('montfort', 451, NULL),
('miguel', 452, NULL),
('mediawiki', 453, NULL),
('upload', 454, NULL),
('melayu', 455, NULL),
('museum', 456, NULL),
('virginia', 457, NULL),
('deposed', 458, NULL),
('ongoing', 459, NULL),
('events', 460, NULL),
('moros', 461, NULL),
('views', 462, NULL),
('pioneer', 463, NULL),
('dutch', 464, NULL),
('t', 465, NULL),
('registered', 466, NULL),
('later', 467, NULL),
('geography', 468, NULL),
('effects', 469, NULL),
('frauen', 470, NULL),
('donate', 471, NULL),
('simple', 472, NULL),
('obligations', 473, NULL),
('loving', 474, NULL),
('near', 475, NULL),
('borers', 476, NULL),
('portal', 477, NULL),
('dies', 478, NULL),
('murderer', 479, NULL),
('expressionist', 480, NULL),
('catal', 481, NULL),
('var', 482, NULL),
('oldid', 483, NULL),
('u', 484, NULL),
('governor', 485, NULL),
('pork', 486, NULL),
('ol', 487, NULL),
('chuck', 488, NULL),
('test', 489, NULL),
('vvd', 490, NULL),
('middle', 491, NULL),
('david', 492, NULL),
('castile', 493, NULL),
('site', 494, NULL),
('rebel', 495, NULL),
('pleasure', 496, NULL),
('appointment', 497, NULL),
('age', 498, NULL),
('privacy', 499, NULL),
('tackle', 500, NULL),
('policy', 501, NULL),
('latvie', 502, NULL),
('cabs', 503, NULL),
('dacia', 504, NULL),
('breadvan', 505, NULL),
('follow', 506, NULL),
('audi', 507, NULL),
('golf', 508, NULL),
('tamiya', 509, NULL),
('mighty', 510, NULL),
('expects', 511, NULL),
('final', 512, NULL),
('i', 513, NULL),
('tesla', 514, NULL),
('mini', 515, NULL),
('bmw', 516, NULL),
('perfect', 517, NULL),
('complaints', 518, NULL),
('pick', 519, NULL),
('parkers', 520, NULL),
('needle', 521, NULL),
('watch', 522, NULL),
('mg', 523, NULL),
('youtube', 524, NULL),
('park', 525, NULL),
('peugeot', 526, NULL),
('rolls', 527, NULL),
('bp', 528, NULL),
('vauxhall', 529, NULL),
('chooser', 530, NULL),
('suvs', 531, NULL),
('home', 532, NULL),
('tiny', 533, NULL),
('wrc', 534, NULL),
('pace', 535, NULL),
('newsletter', 536, NULL),
('just', 537, NULL),
('choose', 538, NULL),
('vs', 539, NULL),
('tool', 540, NULL),
('sitemap', 541, NULL),
('scoops', 542, NULL),
('x', 543, NULL),
('velar', 544, NULL),
('jeep', 545, NULL),
('glickenhaus', 546, NULL),
('tyres', 547, NULL),
('lamborghini', 548, NULL),
('ending', 549, NULL),
('videos', 550, NULL),
('chief', 551, NULL),
('lancia', 552, NULL),
('fiat', 553, NULL),
('shows', 554, NULL),
('culture', 555, NULL),
('series', 556, NULL),
('quickest', 557, NULL),
('model', 558, NULL),
('carmagazine', 559, NULL),
('sold', 560, NULL),
('motor', 561, NULL),
('peterborough', 562, NULL),
('seat', 563, NULL),
('k', 564, NULL),
('hummer', 565, NULL),
('proton', 566, NULL),
('kris', 567, NULL),
('lro', 568, NULL),
('industry', 569, NULL),
('lap', 570, NULL),
('configurator', 571, NULL),
('maybach', 572, NULL),
('magazine', 573, NULL),
('lost', 574, NULL),
('maserati', 575, NULL),
('report', 576, NULL),
('manufacturers', 577, NULL),
('scg', 578, NULL),
('tour', 579, NULL),
('prospects', 580, NULL),
('season', 581, NULL),
('crazy', 582, NULL),
('tests', 583, NULL),
('conclusion', 584, NULL),
('cadillac', 585, NULL),
('anti', 586, NULL),
('pockets', 587, NULL),
('ariel', 588, NULL),
('hyundai', 589, NULL),
('profitable', 590, NULL),
('nurburgring', 591, NULL),
('transmission', 592, NULL),
('taxi', 593, NULL),
('mclaren', 594, NULL),
('stories', 595, NULL),
('subscriptions', 596, NULL),
('gordon', 597, NULL),
('caterham', 598, NULL),
('preview', 599, NULL),
('factory', 600, NULL),
('consumer', 601, NULL),
('car', 602, NULL),
('galleries', 603, NULL),
('mercedes', 604, NULL),
('land', 605, NULL),
('walton', 606, NULL),
('evs', 607, NULL),
('exceptionally', 608, NULL),
('porsche', 609, NULL),
('try', 610, NULL),
('leasing', 611, NULL),
('old', 612, NULL),
('lotus', 613, NULL),
('footing', 614, NULL),
('tells', 615, NULL),
('rover', 616, NULL),
('bugatti', 617, NULL),
('pagani', 618, NULL),
('does', 619, NULL),
('opens', 620, NULL),
('mk', 621, NULL),
('wales', 622, NULL),
('motoring', 623, NULL),
('sports', 624, NULL),
('amg', 625, NULL),
('route', 626, NULL),
('used', 627, NULL),
('empire', 628, NULL),
('stelvio', 629, NULL),
('lusso', 630, NULL),
('vw', 631, NULL),
('company', 632, NULL),
('models', 633, NULL),
('tweaks', 634, NULL),
('cars', 635, NULL),
('extra', 636, NULL),
('fisker', 637, NULL),
('shots', 638, NULL),
('fastest', 639, NULL),
('alfa', 640, NULL),
('ipad', 641, NULL),
('ramps', 642, NULL),
('ford', 643, NULL),
('nissan', 644, NULL),
('lifestyle', 645, NULL),
('spur', 646, NULL),
('newsstand', 647, NULL),
('bentley', 648, NULL),
('racer', 649, NULL),
('plant', 650, NULL),
('films', 651, NULL),
('photo', 652, NULL),
('reviews', 653, NULL),
('suzuki', 654, NULL),
('latest', 655, NULL),
('ultimate', 656, NULL),
('gtc', 657, NULL),
('gets', 658, NULL),
('prices', 659, NULL),
('money', 660, NULL),
('trending', 661, NULL),
('hilux', 662, NULL),
('people', 663, NULL),
('kia', 664, NULL),
('gt', 665, NULL),
('aston', 666, NULL),
('ingolstadt', 667, NULL),
('hybrid', 668, NULL),
('make', 669, NULL),
('volkswagen', 670, NULL),
('road', 671, NULL),
('powered', 672, NULL),
('way', 673, NULL),
('nuts', 674, NULL),
('edition', 675, NULL),
('geneva', 676, NULL),
('guise', 677, NULL),
('romeo', 678, NULL),
('c', 679, NULL),
('lease', 680, NULL),
('q', 681, NULL),
('scuderia', 682, NULL),
('ferrari', 683, NULL),
('features', 684, NULL),
('website', 685, NULL),
('queued', 686, NULL),
('tech', 687, NULL),
('term', 688, NULL),
('abarth', 689, NULL),
('pe', 690, NULL),
('plans', 691, NULL),
('spy', 692, NULL),
('million', 693, NULL),
('crash', 694, NULL),
('rivals', 695, NULL),
('royce', 696, NULL),
('smart', 697, NULL),
('april', 698, NULL),
('licence', 699, NULL),
('sport', 700, NULL),
('click', 701, NULL),
('times', 702, NULL),
('jaguar', 703, NULL),
('affordable', 704, NULL),
('citroen', 705, NULL),
('insurance', 706, NULL),
('facelift', 707, NULL),
('ea', 708, NULL),
('limo', 709, NULL),
('mitsubishi', 710, NULL),
('business', 711, NULL),
('ride', 712, NULL),
('stradale', 713, NULL),
('needs', 714, NULL),
('spyshots', 715, NULL),
('breakers', 716, NULL),
('noble', 717, NULL),
('revolution', 718, NULL),
('comparison', 719, NULL),
('app', 720, NULL),
('team', 721, NULL),
('thrilling', 722, NULL),
('infiniti', 723, NULL),
('long', 724, NULL),
('morgan', 725, NULL),
('meeke', 726, NULL),
('depth', 727, NULL),
('super', 728, NULL),
('merc', 729, NULL),
('ds', 730, NULL),
('digital', 731, NULL),
('flat', 732, NULL),
('murray', 733, NULL),
('continues', 734, NULL),
('chevrolet', 735, NULL),
('nowadays', 736, NULL),
('mazda', 737, NULL),
('steps', 738, NULL),
('lexus', 739, NULL),
('flying', 740, NULL),
('fancy', 741, NULL),
('bauer', 742, NULL),
('scores', 743, NULL),
('f', 744, NULL),
('supercar', 745, NULL),
('intricate', 746, NULL),
('nordschleife', 747, NULL),
('shop', 748, NULL),
('hottest', 749, NULL),
('coventry', 750, NULL),
('demonstrate', 751, NULL),
('chrysler', 752, NULL),
('volvo', 753, NULL),
('class', 754, NULL),
('right', 755, NULL),
('dress', 756, NULL),
('gti', 757, NULL),
('mule', 758, NULL),
('apple', 759, NULL),
('revealed', 760, NULL),
('coupe', 761, NULL),
('review', 762, NULL),
('toyotas', 763, NULL),
('dodge', 764, NULL),
('scooped', 765, NULL),
('mag', 766, NULL),
('house', 767, NULL),
('seven', 768, NULL),
('glickenaus', 769, NULL),
('emerge', 770, NULL),
('daihatsu', 771, NULL),
('honda', 772, NULL),
('winter', 773, NULL),
('cameron', 774, NULL),
('icy', 775, NULL),
('mcn', 776, NULL),
('toyota', 777, NULL),
('deals', 778, NULL),
('plug', 779, NULL),
('england', 780, NULL),
('skoda', 781, NULL),
('issue', 782, NULL),
('advertise', 783, NULL),
('subaru', 784, NULL),
('subscribe', 785, NULL),
('v', 786, NULL),
('renault', 787, NULL),
('tata', 788, NULL),
('win', 789, NULL),
('skinny', 790, NULL),
('body', 791, NULL),
('tested', 792, NULL),
('benz', 793, NULL),
('mcgrath', 794, NULL),
('network', 795, NULL),
('adam', 796, NULL),
('extend', 797, NULL),
('thing', 798, NULL),
('gl', 799, NULL),
('space', 800, NULL),
('users', 801, NULL),
('don', 802, NULL),
('security', 803, NULL),
('oregon', 804, NULL),
('comfortable', 805, NULL),
('social', 806, NULL),
('builder', 807, NULL),
('domain', 808, NULL),
('protection', 809, NULL),
('boxster', 810, NULL),
('analysis', 811, NULL);

-- --------------------------------------------------------

--
-- Table structure for table `wordpositions`
--

CREATE TABLE `wordpositions` (
  `w_id` bigint(20) NOT NULL,
  `doc_id` bigint(20) NOT NULL,
  `importance` int(11) NOT NULL,
  `position` text NOT NULL
) ENGINE=InnoDB DEFAULT CHARSET=latin1;

--
-- Dumping data for table `wordpositions`
--

INSERT INTO `wordpositions` (`w_id`, `doc_id`, `importance`, `position`) VALUES
(1, 1, 1, ',854'),
(2, 1, 1, ',69'),
(3, 1, 1, ',118'),
(4, 1, 1, ',753'),
(5, 1, 1, ',436'),
(5, 10, 3, ',591'),
(6, 1, 1, ',978'),
(7, 1, 1, ',1151'),
(8, 1, 1, ',936,1112'),
(9, 1, 1, ',1005'),
(10, 1, 2, ',984,1010'),
(11, 1, 1, ',235'),
(12, 1, 1, ',991,1000'),
(13, 1, 1, ',34'),
(14, 1, 1, ',726,1029'),
(15, 1, 2, ',422,777,852'),
(15, 10, 4, ',5,97,105,247,255,392,400,589,600,660,721,735,753,765,777'),
(16, 1, 1, ',714'),
(17, 1, 1, ',766'),
(18, 1, 1, ',977'),
(19, 1, 1, ',287'),
(20, 1, 1, ',322'),
(21, 1, 1, ',856'),
(22, 1, 1, ',86'),
(23, 1, 1, ',611,616'),
(24, 1, 1, ',66,89,155'),
(25, 1, 1, ',277'),
(26, 1, 1, ',212'),
(27, 1, 1, ',688'),
(28, 1, 1, ',612'),
(29, 1, 1, ',545'),
(30, 1, 1, ',691'),
(31, 1, 1, ',629'),
(32, 1, 1, ',1016'),
(33, 1, 1, ',463'),
(34, 1, 1, ',518,1031'),
(35, 1, 1, ',1058'),
(36, 1, 1, ',143'),
(37, 1, 1, ',617'),
(38, 1, 1, ',878'),
(39, 1, 1, ',111'),
(40, 1, 1, ',741,1026'),
(41, 1, 1, ',361'),
(42, 1, 1, ',721'),
(42, 10, 1, ',102,252,397,695,710'),
(43, 1, 1, ',834'),
(43, 10, 3, ',733'),
(44, 1, 1, ',346,358'),
(45, 1, 1, ',553'),
(46, 1, 3, ',655,665'),
(47, 1, 1, ',83'),
(48, 1, 2, ',534'),
(49, 1, 1, ',801'),
(49, 10, 1, ',107,257,402,662,673'),
(50, 1, 1, ',274'),
(51, 1, 2, ',987,1035'),
(52, 1, 3, ',653,662'),
(53, 1, 1, ',838'),
(53, 10, 1, ',719'),
(54, 1, 1, ',30,218,412,780,892'),
(55, 1, 3, ',426,434'),
(56, 1, 1, ',597'),
(57, 1, 1, ',261'),
(58, 1, 1, ',791'),
(59, 1, 1, ',36,1007'),
(59, 10, 1, ',1102'),
(60, 1, 1, ',191'),
(61, 1, 1, ',764'),
(62, 1, 1, ',734'),
(63, 1, 3, ',788,813,837,1067,1176'),
(64, 1, 1, ',884'),
(65, 1, 1, ',632'),
(66, 1, 1, ',932,1102'),
(67, 1, 1, ',268'),
(68, 1, 1, ',775'),
(69, 1, 1, ',387'),
(70, 1, 4, ',4,11,25'),
(71, 1, 1, ',292'),
(72, 1, 1, ',909,1088'),
(73, 1, 1, ',955,1090'),
(74, 1, 1, ',204'),
(75, 1, 1, ',568,613'),
(76, 1, 1, ',1044'),
(77, 1, 1, ',1149'),
(78, 1, 1, ',473,579,790'),
(79, 1, 1, ',1143'),
(80, 1, 1, ',188'),
(81, 1, 1, ',494'),
(82, 1, 3, ',536,558'),
(83, 1, 1, ',916,1125'),
(84, 1, 1, ',205'),
(85, 1, 1, ',1193'),
(86, 1, 2, ',646'),
(87, 1, 2, ',806'),
(87, 10, 1, ',1173'),
(88, 1, 1, ',154,177'),
(89, 1, 1, ',476'),
(90, 1, 1, ',914,1105'),
(91, 1, 1, ',206'),
(92, 1, 1, ',924,926,1096,1103'),
(93, 1, 1, ',447'),
(94, 1, 1, ',681'),
(95, 1, 1, ',506'),
(96, 1, 1, ',565'),
(97, 1, 1, ',323'),
(97, 10, 3, ',671'),
(98, 1, 1, ',349'),
(99, 1, 1, ',138'),
(100, 1, 1, ',839'),
(101, 1, 3, ',871,1079'),
(102, 1, 1, ',1032,1040'),
(103, 1, 1, ',818,1182'),
(104, 1, 1, ',526'),
(105, 1, 1, ',609,622'),
(106, 1, 1, ',174'),
(107, 1, 1, ',466'),
(108, 1, 1, ',731'),
(108, 10, 1, ',748'),
(109, 1, 1, ',699'),
(110, 1, 1, ',213,639,718'),
(111, 1, 1, ',521'),
(112, 1, 1, ',874'),
(113, 1, 1, ',297'),
(114, 1, 1, ',49'),
(115, 1, 1, ',586'),
(116, 1, 1, ',844'),
(117, 1, 1, ',994'),
(118, 1, 1, ',96'),
(119, 1, 2, ',19'),
(119, 10, 1, ',1150'),
(120, 1, 1, ',561'),
(121, 1, 1, ',227'),
(122, 1, 2, ',730,807'),
(123, 1, 1, ',62'),
(124, 1, 1, ',330'),
(125, 1, 3, ',652,659'),
(126, 1, 1, ',694'),
(127, 1, 1, ',448'),
(128, 1, 1, ',257,527,630,633'),
(129, 1, 1, ',911,1092'),
(130, 1, 1, ',810'),
(131, 1, 1, ',210'),
(132, 1, 1, ',308'),
(133, 1, 1, ',610'),
(134, 1, 1, ',511'),
(135, 1, 1, ',941,1123'),
(136, 1, 1, ',471'),
(137, 1, 1, ',944,1127'),
(138, 1, 3, ',853,1076'),
(139, 1, 1, ',140'),
(140, 1, 1, ',555'),
(141, 1, 1, ',293'),
(142, 1, 1, ',729'),
(143, 1, 1, ',280'),
(144, 1, 1, ',428'),
(145, 1, 1, ',963,965,1118,1120'),
(146, 1, 1, ',150'),
(147, 1, 1, ',915,1111'),
(148, 1, 1, ',475'),
(149, 1, 1, ',38'),
(150, 1, 1, ',1063'),
(151, 1, 1, ',614'),
(152, 1, 1, ',165,250,388'),
(153, 1, 1, ',913,1098'),
(154, 1, 1, ',352'),
(154, 10, 3, ',917'),
(155, 1, 1, ',1160'),
(156, 1, 1, ',315'),
(157, 1, 1, ',77'),
(158, 1, 1, ',602'),
(159, 1, 3, ',840,1073'),
(160, 1, 1, ',627'),
(161, 1, 1, ',1046'),
(162, 1, 3, ',875'),
(163, 1, 1, ',660'),
(164, 1, 1, ',803'),
(165, 1, 1, ',332'),
(166, 1, 1, ',591'),
(167, 1, 1, ',992'),
(168, 1, 1, ',942,1124'),
(169, 1, 1, ',876'),
(170, 1, 1, ',54'),
(170, 10, 1, ',686'),
(171, 1, 1, ',1013'),
(172, 1, 2, ',1025'),
(173, 1, 3, ',222'),
(174, 1, 1, ',515'),
(175, 1, 1, ',1024'),
(176, 1, 1, ',979'),
(177, 1, 1, ',202,410,708'),
(178, 1, 2, ',219'),
(179, 1, 1, ',1146'),
(180, 1, 1, ',594'),
(181, 1, 1, ',929,945,1083,1128'),
(182, 1, 1, ',1190'),
(183, 1, 1, ',393'),
(184, 1, 1, ',964,966,1119,1121'),
(185, 1, 1, ',112'),
(186, 1, 1, ',187'),
(187, 1, 1, ',862'),
(188, 1, 1, ',887'),
(189, 1, 1, ',833'),
(190, 1, 1, ',395'),
(191, 1, 1, ',120'),
(192, 1, 1, ',817,1181'),
(193, 1, 1, ',61'),
(194, 1, 1, ',1018'),
(195, 1, 1, ',148'),
(196, 1, 1, ',930,1084'),
(197, 1, 1, ',970'),
(198, 1, 1, ',680,697'),
(199, 1, 1, ',267'),
(200, 1, 1, ',312'),
(201, 1, 1, ',644'),
(202, 1, 1, ',53,84,103,130,192,564'),
(203, 1, 1, ',156'),
(204, 1, 1, ',157'),
(205, 1, 1, ',92'),
(206, 1, 1, ',1139'),
(207, 1, 1, ',73'),
(208, 1, 1, ',848'),
(209, 1, 1, ',938,1114'),
(210, 1, 1, ',397'),
(211, 1, 1, ',328'),
(212, 1, 1, ',281'),
(213, 1, 1, ',186'),
(214, 1, 2, ',5,981,998,1011'),
(215, 1, 1, ',742,760'),
(216, 1, 1, ',954'),
(217, 1, 1, ',668'),
(218, 1, 1, ',890'),
(219, 1, 1, ',40'),
(220, 1, 1, ',624'),
(221, 1, 1, ',752'),
(222, 1, 1, ',917,1129'),
(223, 1, 1, ',117'),
(224, 1, 1, ',170'),
(225, 1, 1, ',417'),
(226, 1, 1, ',258'),
(227, 1, 3, ',223,253'),
(228, 1, 1, ',733,870'),
(229, 1, 1, ',575'),
(230, 1, 1, ',1148'),
(231, 1, 1, ',976'),
(232, 1, 1, ',901'),
(233, 1, 1, ',522'),
(233, 10, 3, ',18,165,313,457'),
(234, 1, 1, ',185'),
(235, 1, 1, ',520'),
(236, 1, 1, ',715,717'),
(237, 1, 1, ',496'),
(237, 10, 1, ',1036'),
(238, 1, 1, ',599'),
(238, 10, 3, ',532,547'),
(239, 1, 1, ',628'),
(240, 1, 1, ',1173'),
(241, 1, 1, ',244,339'),
(242, 1, 1, ',533'),
(243, 1, 1, ',867'),
(244, 1, 1, ',689'),
(245, 1, 1, ',645'),
(246, 1, 1, ',891'),
(247, 1, 1, ',437'),
(247, 10, 1, ',771'),
(248, 1, 1, ',354'),
(249, 1, 1, ',449'),
(250, 1, 1, ',472'),
(251, 1, 1, ',864'),
(252, 1, 2, ',6,15,982,999,1012,1047'),
(253, 1, 1, ',32,886,952,1117'),
(254, 1, 1, ',701,707'),
(255, 1, 1, ',778'),
(256, 1, 1, ',829'),
(256, 10, 1, ',1226'),
(257, 1, 1, ',532,636,637,638'),
(258, 1, 1, ',101'),
(259, 1, 2, ',740,798'),
(260, 1, 1, ',588'),
(261, 1, 1, ',357'),
(262, 1, 3, ',789,814,1177'),
(263, 1, 1, ',37'),
(264, 1, 1, ',748'),
(265, 1, 1, ',12'),
(266, 1, 1, ',552'),
(267, 1, 1, ',851,859,1015'),
(268, 1, 1, ',950,1085'),
(269, 1, 1, ',509'),
(270, 1, 1, ',56'),
(271, 1, 1, ',931,1091'),
(272, 1, 1, ',956,1094'),
(273, 1, 1, ',967'),
(273, 10, 1, ',1135'),
(274, 1, 1, ',411'),
(275, 1, 1, ',1003'),
(275, 10, 1, ',1016,1049,1084,1109'),
(276, 1, 1, ',498'),
(277, 1, 1, ',971'),
(278, 1, 2, ',1054'),
(279, 1, 1, ',305'),
(280, 1, 1, ',304'),
(281, 1, 1, ',711'),
(282, 1, 1, ',313'),
(283, 1, 3, ',424,432'),
(284, 1, 1, ',321'),
(285, 1, 2, ',221'),
(286, 1, 1, ',1059'),
(287, 1, 1, ',743'),
(287, 10, 1, ',543'),
(288, 1, 1, ',1045'),
(289, 1, 3, ',184,537,559'),
(290, 1, 1, ',400'),
(291, 1, 1, ',934,1107'),
(292, 1, 1, ',198'),
(293, 1, 3, ',865,1078'),
(294, 1, 1, ',673'),
(295, 1, 1, ',728'),
(296, 1, 1, ',211'),
(297, 1, 1, ',523'),
(298, 1, 1, ',674'),
(299, 1, 1, ',234'),
(300, 1, 1, ',310,685'),
(300, 10, 1, ',873,1162'),
(301, 1, 1, ',667'),
(302, 1, 1, ',737,773,823'),
(302, 10, 1, ',649,745'),
(303, 1, 4, ',3,10,24,828,841,846,850,858,866,872'),
(304, 1, 2, ',649'),
(305, 1, 1, ',581,593'),
(306, 1, 1, ',137'),
(307, 1, 1, ',935,1108'),
(308, 1, 1, ',179'),
(309, 1, 1, ',957,1095'),
(310, 1, 1, ',744,769'),
(311, 1, 3, ',857,1077'),
(312, 1, 1, ',1192'),
(313, 1, 1, ',703'),
(314, 1, 1, ',278'),
(315, 1, 1, ',569'),
(316, 1, 1, ',642,968'),
(317, 1, 1, ',262'),
(318, 1, 1, ',194'),
(319, 1, 1, ',470'),
(320, 1, 1, ',671'),
(321, 1, 1, ',556'),
(322, 1, 1, ',830'),
(323, 1, 1, ',331'),
(324, 1, 1, ',918,1130'),
(325, 1, 1, ',16'),
(326, 1, 1, ',608'),
(327, 1, 2, ',755,880,1080'),
(328, 1, 1, ',265'),
(329, 1, 1, ',329'),
(329, 10, 3, ',697'),
(330, 1, 1, ',698,704'),
(331, 1, 1, ',908,1086'),
(332, 1, 2, ',47,416,419,1019'),
(333, 1, 1, ',1187'),
(334, 1, 1, ',816,1180'),
(335, 1, 1, ',1062'),
(336, 1, 1, ',374'),
(337, 1, 1, ',254,435,560'),
(338, 1, 1, ',491,572'),
(339, 1, 1, ',266'),
(340, 1, 1, ',122'),
(341, 1, 1, ',1051'),
(342, 1, 1, ',940,1122'),
(343, 1, 3, ',845,1049,1074'),
(344, 1, 1, ',713'),
(345, 1, 2, ',985'),
(345, 10, 1, ',157'),
(346, 1, 3, ',835,1070'),
(347, 1, 1, ',783'),
(348, 1, 1, ',230,980'),
(349, 1, 1, ',919,1131'),
(350, 1, 1, ',544,939,1115'),
(351, 1, 1, ',497'),
(352, 1, 1, ',528'),
(353, 1, 1, ',289'),
(354, 1, 1, ',563'),
(355, 1, 1, ',207'),
(356, 1, 1, ',294'),
(357, 1, 1, ',779'),
(358, 1, 1, ',398'),
(359, 1, 1, ',993,1056'),
(360, 1, 1, ',495'),
(361, 1, 1, ',541'),
(362, 1, 1, ',483'),
(363, 1, 1, ',55'),
(363, 10, 1, ',124,274,419'),
(364, 1, 1, ',39'),
(365, 1, 1, ',300'),
(366, 1, 1, ',342'),
(367, 1, 1, ',912,1093'),
(368, 1, 1, ',925,1097'),
(369, 1, 1, ',686'),
(370, 1, 1, ',960,1101'),
(371, 1, 3, ',849,1075'),
(372, 1, 1, ',933,961,1106,1109'),
(373, 1, 1, ',842'),
(374, 1, 1, ',273'),
(375, 1, 1, ',951,1087'),
(376, 1, 1, ',413'),
(377, 1, 1, ',371'),
(378, 1, 2, ',1055'),
(379, 1, 1, ',1191'),
(379, 10, 1, ',1209'),
(380, 1, 1, ',195'),
(381, 1, 1, ',543'),
(382, 1, 1, ',50,76,145,182'),
(383, 1, 1, ',391,409'),
(384, 1, 1, ',429'),
(385, 1, 1, ',1165'),
(385, 10, 1, ',1213'),
(386, 1, 1, ',1043'),
(387, 1, 1, ',847'),
(388, 1, 1, ',80'),
(389, 1, 1, ',190'),
(390, 1, 1, ',415'),
(390, 10, 3, ',84,234,379,590,607,619,638,696,828,845,892,904,975,1003,1167'),
(391, 1, 1, ',962,1110'),
(392, 1, 1, ',97'),
(393, 1, 1, ',451'),
(394, 1, 1, ',1004,1006,1194'),
(394, 10, 1, ',656,774,884,986,1118'),
(395, 1, 1, ',1042'),
(396, 1, 1, ',1048'),
(397, 1, 1, ',199'),
(398, 1, 3, ',861,1072'),
(399, 1, 1, ',690'),
(400, 1, 1, ',453'),
(401, 1, 3, ',651,658'),
(402, 1, 1, ',87'),
(403, 1, 1, ',337'),
(404, 1, 1, ',623'),
(405, 1, 4, ',1,725,739,747,765,785,804,808,879,975,1023,1169'),
(406, 1, 2, ',1001'),
(407, 1, 1, ',146'),
(408, 1, 1, ',615'),
(409, 1, 1, ',782'),
(410, 1, 1, ',302,505'),
(411, 1, 1, ',110'),
(412, 1, 3, ',832,836,1071'),
(413, 1, 1, ',974'),
(413, 10, 3, ',1061'),
(414, 1, 1, ',631'),
(415, 1, 1, ',209'),
(416, 1, 3, ',535,557'),
(417, 1, 1, ',749'),
(418, 1, 1, ',868'),
(419, 1, 1, ',601'),
(420, 1, 1, ',456'),
(421, 1, 1, ',20'),
(422, 1, 1, ',147,736,772'),
(423, 1, 1, ',519'),
(424, 1, 1, ',626'),
(425, 1, 1, ',604'),
(426, 1, 1, ',85,104,131,193'),
(427, 1, 1, ',761'),
(428, 1, 2, ',46,203,648,709,1014'),
(429, 1, 1, ',663'),
(430, 1, 1, ',566'),
(431, 1, 1, ',759'),
(432, 1, 1, ',525'),
(433, 1, 3, ',827,1068,1147'),
(434, 1, 1, ',860'),
(435, 1, 1, ',873'),
(436, 1, 2, ',986'),
(436, 10, 1, ',136,286,431'),
(437, 1, 1, ',517'),
(438, 1, 1, ',995'),
(439, 1, 1, ',949,1081'),
(440, 1, 1, ',33'),
(441, 1, 1, ',335'),
(442, 1, 2, ',45,309,587,647,805,937,1113'),
(442, 10, 3, ',570,632,665,704,786,806,860,865,881,956,984,1019,1072'),
(443, 1, 1, ',510'),
(444, 1, 1, ',576'),
(445, 1, 2, ',997'),
(446, 1, 1, ',1150'),
(447, 1, 1, ',116'),
(448, 1, 1, ',1050'),
(449, 1, 1, ',547'),
(450, 1, 1, ',441'),
(451, 1, 1, ',712'),
(452, 1, 1, ',226'),
(453, 1, 3, ',831,1069'),
(454, 1, 1, ',1041'),
(455, 1, 1, ',927,1104'),
(456, 1, 1, ',705'),
(457, 1, 1, ',373'),
(458, 1, 1, ',549'),
(459, 1, 1, ',514'),
(460, 1, 1, ',1017'),
(460, 10, 1, ',110,260,405'),
(461, 1, 1, ',710'),
(462, 1, 2, ',1002'),
(463, 1, 1, ',454'),
(464, 1, 1, ',504'),
(465, 1, 1, ',920,943,1126,1132'),
(465, 10, 3, ',837,851,867'),
(466, 1, 1, ',1172'),
(467, 1, 1, ',607'),
(468, 1, 1, ',35'),
(469, 1, 1, ',271'),
(470, 1, 1, ',333'),
(471, 1, 1, ',1020'),
(472, 1, 1, ',953,1116'),
(473, 1, 1, ',127'),
(474, 1, 1, ',238'),
(475, 1, 1, ',474'),
(476, 1, 1, ',279'),
(477, 1, 1, ',727,1030'),
(478, 1, 1, ',457'),
(479, 1, 1, ',334'),
(480, 1, 1, ',345'),
(481, 1, 1, ',928,1082'),
(482, 1, 1, ',716'),
(483, 1, 1, ',983'),
(484, 1, 1, ',959,1100'),
(485, 1, 1, ',368,385'),
(486, 1, 1, ',141'),
(487, 1, 1, ',910,1089'),
(488, 1, 1, ',455'),
(489, 1, 1, ',311'),
(489, 10, 3, ',536,965'),
(490, 1, 1, ',490'),
(491, 1, 1, ',677'),
(492, 1, 1, ',524'),
(493, 1, 1, ',71'),
(494, 1, 1, ',776'),
(495, 1, 1, ',469'),
(496, 1, 1, ',242'),
(497, 1, 1, ',377'),
(498, 1, 1, ',460'),
(499, 1, 1, ',1167,1183'),
(499, 10, 1, ',1208'),
(500, 1, 1, ',767'),
(501, 1, 1, ',1168,1184'),
(501, 10, 1, ',1210'),
(502, 1, 1, ',958,1099'),
(503, 10, 3, ',598'),
(504, 10, 3, ',28,175,323,467'),
(505, 10, 1, ',852'),
(506, 10, 1, ',524'),
(507, 10, 3, ',19,166,314,458,722,859,915'),
(508, 10, 3, ',620,813,830'),
(509, 10, 3, ',993'),
(510, 10, 1, ',1012'),
(511, 10, 1, ',677'),
(512, 10, 3, ',528'),
(513, 10, 3, ',785,805'),
(514, 10, 3, ',76,223,371,515,644'),
(515, 10, 3, ',58,205,353,497'),
(516, 10, 3, ',21,168,316,460,784'),
(517, 10, 1, ',1184'),
(518, 10, 1, ',1214'),
(519, 10, 3, ',944'),
(520, 10, 3, ',1175,1218'),
(521, 10, 1, ',825'),
(522, 10, 3, ',991'),
(523, 10, 3, ',57,204,352,496'),
(524, 10, 1, ',1006'),
(525, 10, 3, ',1056,1083,1239'),
(526, 10, 3, ',64,211,359,503'),
(527, 10, 3, ',68,215,363,507'),
(528, 10, 3, ',699'),
(529, 10, 3, ',78,225,373,517'),
(530, 10, 3, ',1169'),
(531, 10, 1, ',935'),
(532, 10, 1, ',10'),
(533, 10, 3, ',992'),
(534, 10, 3, ',1071'),
(535, 10, 1, ',615'),
(536, 10, 1, ',113,263,408'),
(537, 10, 1, ',1149'),
(538, 10, 1, ',11,81,158,228,376,450,520'),
(539, 10, 3, ',647,790,858,862'),
(540, 10, 1, ',1170'),
(541, 10, 1, ',1202'),
(542, 10, 4, ',6'),
(543, 10, 3, ',646,942'),
(544, 10, 1, ',651'),
(545, 10, 3, ',43,190,338,482'),
(546, 10, 3, ',568,663'),
(547, 10, 3, ',789,809'),
(548, 10, 3, ',45,192,340,484'),
(549, 10, 1, ',1078'),
(550, 10, 1, ',127,277,422,1143'),
(551, 10, 1, ',712'),
(552, 10, 1, ',46,193,341,485'),
(553, 10, 3, ',33,180,328,472'),
(554, 10, 1, ',109,259,404'),
(555, 10, 1, ',123,273,418,572'),
(556, 10, 1, ',1004'),
(557, 10, 3, ',557'),
(558, 10, 3, ',82,229,377,521,645,706,934'),
(559, 10, 1, ',525'),
(560, 10, 3, ',762'),
(561, 10, 1, ',108,258,403,624'),
(562, 10, 1, ',1237,1240'),
(563, 10, 3, ',70,217,365,509,546'),
(564, 10, 3, ',1023'),
(565, 10, 1, ',39,186,334,478'),
(566, 10, 1, ',66,213,361,505'),
(567, 10, 3, ',1057'),
(568, 10, 1, ',1216'),
(569, 10, 1, ',104,254,399,599,720,734,752,764'),
(570, 10, 3, ',670'),
(571, 10, 1, ',134,284,429'),
(572, 10, 1, ',52,199,347,491'),
(573, 10, 4, ',2,9,95,145,154,156,245,304,390,440,449,1134,1153,1220'),
(574, 10, 3, ',1060'),
(575, 10, 3, ',51,198,346,490'),
(576, 10, 3, ',529'),
(577, 10, 1, ',1121,1223'),
(578, 10, 3, ',569,579,664'),
(579, 10, 1, ',576'),
(580, 10, 1, ',883'),
(581, 10, 1, ',654'),
(582, 10, 1, ',1040'),
(583, 10, 1, ',89,91,239,241,384,386,540,782,794,1148'),
(584, 10, 3, ',537'),
(585, 10, 1, ',23,170,318,462'),
(586, 10, 3, ',969'),
(587, 10, 3, ',759'),
(588, 10, 1, ',16,163,311,455'),
(589, 10, 3, ',40,187,335,479'),
(590, 10, 1, ',766'),
(591, 10, 1, ',691'),
(592, 10, 1, ',744'),
(593, 10, 3, ',592,611'),
(594, 10, 3, ',54,201,349,493,631,698,703,711'),
(595, 10, 1, ',523'),
(596, 10, 1, ',1221'),
(597, 10, 1, ',36,183,331,475'),
(598, 10, 3, ',24,171,319,463'),
(599, 10, 1, ',147,297,442,655'),
(600, 10, 3, ',593'),
(601, 10, 1, ',1225'),
(602, 10, 4, ',1,85,93,103,111,122,128,133,149,155,235,243,253,261,272,278,283,299,380,388,398,406,417,423,428,444,526,571,588,687,714,778,810,818,832,839,1082,1087,1114,1127,1147,1168,1185,1222'),
(603, 10, 1, ',1141'),
(604, 10, 3, ',55,202,350,494,854,940'),
(605, 10, 3, ',47,194,342,486,530'),
(606, 10, 1, ',1037'),
(607, 10, 1, ',751'),
(608, 10, 1, ',553'),
(609, 10, 3, ',65,212,360,504,758,899,910,971'),
(610, 10, 1, ',1122,1165'),
(611, 10, 1, ',135,285,430'),
(612, 10, 1, ',1042'),
(613, 10, 3, ',50,197,345,489'),
(614, 10, 1, ',798'),
(615, 10, 1, ',713'),
(616, 10, 3, ',48,195,343,487,531,650'),
(617, 10, 3, ',22,169,317,461'),
(618, 10, 3, ',63,210,358,502'),
(619, 10, 1, ',552'),
(620, 10, 3, ',594,603'),
(621, 10, 3, ',815,829'),
(622, 10, 1, ',1231'),
(623, 10, 1, ',106,256,401,661,672,1219'),
(624, 10, 3, ',875,1027'),
(625, 10, 3, ',855'),
(626, 10, 3, ',1062'),
(627, 10, 1, ',92,242,387'),
(628, 10, 1, ',1215'),
(629, 10, 1, ',641'),
(630, 10, 3, ',836,850'),
(631, 10, 3, ',812'),
(632, 10, 1, ',1232'),
(633, 10, 3, ',924'),
(634, 10, 1, ',822'),
(635, 10, 3, ',130,280,425,1028,1043,1097'),
(636, 10, 1, ',1139'),
(637, 10, 1, ',34,181,329,473'),
(638, 10, 1, ',889,891,903,914,929,939,950,967,979,989'),
(639, 10, 3, ',683,705'),
(640, 10, 3, ',14,161,309,453,640'),
(641, 10, 3, ',1124'),
(642, 10, 3, ',730'),
(643, 10, 3, ',35,182,330,474'),
(644, 10, 3, ',61,208,356,500'),
(645, 10, 1, ',1196'),
(646, 10, 3, ',895'),
(647, 10, 1, ',1158'),
(648, 10, 3, ',20,167,315,459,893,905'),
(649, 10, 1, ',584'),
(650, 10, 1, ',602'),
(651, 10, 1, ',1007'),
(652, 10, 1, ',1140'),
(653, 10, 4, ',4,83,86,96,233,236,246,378,381,391,527,779,811,819,833,840,887,1115'),
(654, 10, 3, ',74,221,369,513'),
(655, 10, 1, ',522,628,657,659'),
(656, 10, 1, ',583'),
(657, 10, 3, ',835,849'),
(658, 10, 3, ',1059'),
(659, 10, 1, ',1041'),
(660, 10, 3, ',559,757'),
(661, 10, 1, ',612'),
(662, 10, 3, ',1002,1010'),
(663, 10, 3, ',1020'),
(664, 10, 3, ',44,191,339,483'),
(665, 10, 1, ',639'),
(666, 10, 3, ',17,164,312,456'),
(667, 10, 1, ',736'),
(668, 10, 1, ',610'),
(669, 10, 1, ',12,159,307,451,1044'),
(670, 10, 3, ',79,226,374,518'),
(671, 10, 1, ',587'),
(672, 10, 1, ',847'),
(673, 10, 3, ',927'),
(674, 10, 3, ',1035'),
(675, 10, 1, ',1125'),
(676, 10, 1, ',623'),
(677, 10, 1, ',912'),
(678, 10, 3, ',15,162,310,454'),
(679, 10, 3, ',856,1070'),
(680, 10, 1, ',137,140,287,290,432,435'),
(681, 10, 3, ',864,916,933'),
(682, 10, 3, ',566,674'),
(683, 10, 3, ',32,179,327,471,834,848'),
(684, 10, 1, ',94,119,244,269,389,414,990'),
(685, 10, 4, ',3,1174'),
(686, 10, 1, ',936'),
(687, 10, 1, ',112,129,262,279,407,424'),
(688, 10, 3, ',88,238,383,535,539,781,793'),
(689, 10, 1, ',13,160,308,452'),
(690, 10, 1, ',1241'),
(691, 10, 3, ',666,737'),
(692, 10, 1, ',888,890,902,913,928,949,966,978'),
(693, 10, 1, ',717'),
(694, 10, 1, ',1048'),
(695, 10, 1, ',648'),
(696, 10, 3, ',69,216,364,508'),
(697, 10, 3, ',72,219,367,511'),
(698, 10, 3, ',630'),
(699, 10, 3, ',754'),
(700, 10, 3, ',533,548,866'),
(701, 10, 1, ',1186'),
(702, 10, 1, ',767'),
(703, 10, 3, ',42,189,337,481,613'),
(704, 10, 1, ',874'),
(705, 10, 3, ',27,174,322,466,1069'),
(706, 10, 3, ',142,292,437'),
(707, 10, 3, ',816'),
(708, 10, 1, ',1242'),
(709, 10, 1, ',906'),
(710, 10, 3, ',59,206,354,498'),
(711, 10, 1, ',139,289,434,1238'),
(712, 10, 1, ',636'),
(713, 10, 1, ',580'),
(714, 10, 1, ',1181'),
(715, 10, 1, ',114,118,264,268,409,413'),
(716, 10, 3, ',1090'),
(717, 10, 1, ',62,209,357,501'),
(718, 10, 3, ',970'),
(719, 10, 1, ',90,240,385,853,869'),
(720, 10, 3, ',1154'),
(721, 10, 3, ',995'),
(722, 10, 1, ',1146'),
(723, 10, 3, ',41,188,336,480,863'),
(724, 10, 3, ',87,237,382,534,538,780,792'),
(725, 10, 3, ',60,207,355,499'),
(726, 10, 3, ',1058,1066'),
(727, 10, 1, ',575'),
(728, 10, 3, ',787,807'),
(729, 10, 1, ',955'),
(730, 10, 1, ',31,178,326,470'),
(731, 10, 1, ',146,296,441'),
(732, 10, 3, ',1052'),
(733, 10, 1, ',37,184,332,476'),
(734, 10, 3, ',972'),
(735, 10, 1, ',25,172,320,464'),
(736, 10, 1, ',1045'),
(737, 10, 3, ',53,200,348,492'),
(738, 10, 3, ',896,907'),
(739, 10, 3, ',49,196,344,488'),
(740, 10, 3, ',894'),
(741, 10, 3, ',900'),
(742, 10, 1, ',1224'),
(743, 10, 1, ',1067'),
(744, 10, 1, ',614,653'),
(745, 10, 3, ',558,718'),
(746, 10, 1, ',582'),
(747, 10, 3, ',669,692'),
(748, 10, 1, ',143,293,438'),
(749, 10, 1, ',882'),
(750, 10, 1, ',601'),
(751, 10, 1, ',1008'),
(752, 10, 1, ',26,173,321,465'),
(753, 10, 3, ',80,227,375,519'),
(754, 10, 3, ',943'),
(755, 10, 3, ',1053'),
(756, 10, 3, ',901'),
(757, 10, 3, ',621,814,831'),
(758, 10, 1, ',911'),
(759, 10, 1, ',1157'),
(760, 10, 1, ',652'),
(761, 10, 3, ',857,861,876'),
(762, 10, 3, ',817,838,868'),
(763, 10, 3, ',994'),
(764, 10, 1, ',30,177,325,469'),
(765, 10, 1, ',618'),
(766, 10, 1, ',150,295,300,445'),
(767, 10, 1, ',1236'),
(768, 10, 1, ',545'),
(769, 10, 1, ',676'),
(770, 10, 1, ',953'),
(771, 10, 1, ',29,176,324,468'),
(772, 10, 3, ',38,185,333,477'),
(773, 10, 3, ',791,964'),
(774, 10, 3, ',567,675'),
(775, 10, 1, ',963'),
(776, 10, 1, ',1217'),
(777, 10, 3, ',77,224,372,516'),
(778, 10, 1, ',138,141,288,291,433,436'),
(779, 10, 1, ',608'),
(780, 10, 1, ',1230'),
(781, 10, 3, ',71,218,366,510'),
(782, 10, 1, ',629,658'),
(783, 10, 1, ',1203'),
(784, 10, 3, ',73,220,368,512'),
(785, 10, 1, ',151,301,446,1201'),
(786, 10, 1, ',846'),
(787, 10, 3, ',67,214,362,506'),
(788, 10, 1, ',75,222,370,514'),
(789, 10, 3, ',144,294,439,1065'),
(790, 10, 3, ',788,808'),
(791, 10, 1, ',985'),
(792, 10, 1, ',622'),
(793, 10, 3, ',56,203,351,495,941');

--
-- Indexes for dumped tables
--

--
-- Indexes for table `expressions`
--
ALTER TABLE `expressions`
  ADD PRIMARY KEY (`E_ID`);

--
-- Indexes for table `expressionscounts`
--
ALTER TABLE `expressionscounts`
  ADD PRIMARY KEY (`Expression_id`,`Doc_id`),
  ADD KEY `Doc_id` (`Doc_id`);

--
-- Indexes for table `record`
--
ALTER TABLE `record`
  ADD PRIMARY KEY (`ID`);

--
-- Indexes for table `restrictedurls`
--
ALTER TABLE `restrictedurls`
  ADD PRIMARY KEY (`id`);

--
-- Indexes for table `word`
--
ALTER TABLE `word`
  ADD PRIMARY KEY (`Wid`);

--
-- Indexes for table `wordpositions`
--
ALTER TABLE `wordpositions`
  ADD PRIMARY KEY (`w_id`,`doc_id`),
  ADD KEY `doc_id` (`doc_id`);

--
-- AUTO_INCREMENT for dumped tables
--

--
-- AUTO_INCREMENT for table `expressions`
--
ALTER TABLE `expressions`
  MODIFY `E_ID` bigint(20) NOT NULL AUTO_INCREMENT, AUTO_INCREMENT=39;
--
-- AUTO_INCREMENT for table `record`
--
ALTER TABLE `record`
  MODIFY `ID` bigint(20) NOT NULL AUTO_INCREMENT, AUTO_INCREMENT=35;
--
-- AUTO_INCREMENT for table `restrictedurls`
--
ALTER TABLE `restrictedurls`
  MODIFY `id` bigint(20) NOT NULL AUTO_INCREMENT, AUTO_INCREMENT=5565;
--
-- AUTO_INCREMENT for table `word`
--
ALTER TABLE `word`
  MODIFY `Wid` bigint(20) NOT NULL AUTO_INCREMENT, AUTO_INCREMENT=812;
--
-- Constraints for dumped tables
--

--
-- Constraints for table `expressionscounts`
--
ALTER TABLE `expressionscounts`
  ADD CONSTRAINT `expressionscounts_ibfk_1` FOREIGN KEY (`Expression_id`) REFERENCES `expressions` (`E_ID`),
  ADD CONSTRAINT `expressionscounts_ibfk_2` FOREIGN KEY (`Doc_id`) REFERENCES `record` (`ID`);

--
-- Constraints for table `wordpositions`
--
ALTER TABLE `wordpositions`
  ADD CONSTRAINT `wordpositions_ibfk_1` FOREIGN KEY (`w_id`) REFERENCES `word` (`Wid`),
  ADD CONSTRAINT `wordpositions_ibfk_2` FOREIGN KEY (`doc_id`) REFERENCES `record` (`ID`);

/*!40101 SET CHARACTER_SET_CLIENT=@OLD_CHARACTER_SET_CLIENT */;
/*!40101 SET CHARACTER_SET_RESULTS=@OLD_CHARACTER_SET_RESULTS */;
/*!40101 SET COLLATION_CONNECTION=@OLD_COLLATION_CONNECTION */;
